epoch;acc;loss;lr;val_acc;val_loss
0;0.49897435;62.8541078890287;0.001;0.47336066;29.157860146194206
1;0.4979487;17.69467317238832;0.001;0.49590164;10.032741359022797
2;0.4897436;6.828482085496951;0.001;0.50409836;4.50527033258657
3;0.4948718;3.420159931671925;0.001;0.50409836;2.5713750378030245
4;0.5041026;2.1404548481183174;0.001;0.49590164;1.7761222378152315
5;0.5097436;1.574883191279876;0.001;0.49590164;1.387594633415097
6;0.5205128;1.2850299760622856;0.001;0.50409836;1.1841606702960905
7;0.50666666;1.117456693893824;0.001;0.50409836;1.0713755048689295
8;0.50051284;1.0965954159467648;0.001;0.50409836;1.088154190876445
9;0.5;1.0575917010429579;0.001;0.50409836;1.0349706528616733
10;0.4902564;0.9365163835501059;0.001;0.5020492;0.9000089715738766
11;0.51641023;0.8808904611758697;0.001;0.47131148;0.8444137885922292
12;0.5251282;0.8747195690717453;0.001;0.50409836;0.8947109228274861
13;0.50564104;0.8283034383333646;0.001;0.49590164;0.8057284296536055
14;0.4928205;0.8079287662872902;0.001;0.50409836;0.7994359985726779
15;0.50769234;0.8286986967233511;0.001;0.49590164;0.8862967168698546
16;0.48410258;0.8194345821478428;0.001;0.5020492;0.7773595804073772
17;0.4953846;0.7874413644350492;0.001;0.5;0.7556083407558378
18;0.49076924;0.7723611117631961;0.001;0.49590164;0.7975376023620856
19;0.4979487;0.7816073397489695;0.001;0.50409836;0.773230821382804
20;0.48923078;0.7821040085034493;0.001;0.49590164;0.765697039541651
21;0.49333334;0.7528638663658729;0.001;0.50409836;0.7723715950231083
22;0.5133333;0.7784418416634584;0.001;0.50409836;0.805994842873245
23;0.4948718;0.7869498861753024;0.001;0.49590164;1.2475085356196418
24;0.5082051;0.7827338348902189;0.001;0.5020492;0.7328477472555442
25;0.47384617;0.7388704251631713;0.001;0.50409836;0.7369865960762149
26;0.51692307;0.797120223228748;0.001;0.4897541;0.7506078159222838
27;0.4851282;0.7549224711075807;0.001;0.5;0.7324670738861209
28;0.48615384;0.7674680242782984;0.001;0.50409836;0.8439687549090776
29;0.47846153;0.7569485020637512;0.001;0.49385247;0.7303095440395543
30;0.5020513;0.7308176600016081;0.001;0.50409836;0.7415017944867494
31;0.511282;0.7652850870597057;0.001;0.50409836;1.244196002600623
32;0.50461537;0.7348419250586093;0.001;0.51229507;0.7671069962079408
33;0.5082051;0.7710265571031815;0.001;0.5020492;0.7385977448010054
34;0.50666666;0.7299611650369107;0.001;0.50409836;0.723779776057259
35;0.49179488;0.7666473141694681;0.001;0.49590164;11.759077978915856
36;0.50256413;0.7521944774725499;0.001;0.5471311;0.7555232126204694
37;0.49076924;0.8399854651475565;0.001;0.49590164;42.20888244128618
38;0.48871794;0.8198861102568797;0.001;0.49590164;1.1232671073225677
39;0.51282054;0.7624602245673155;0.001;0.55122954;0.7384569693784244
40;0.4897436;0.7459605880884024;0.001;0.51229507;0.7748135855940522
41;0.4969231;0.776392045204456;0.001;0.5614754;0.7707890320996769
42;0.4948718;0.7974770687787961;0.001;0.50409836;1.2487005640248783
43;0.47948718;0.7843229285875957;0.001;0.50409836;0.7261693516715628
44;0.49128205;0.7354299660829398;0.001;0.5;0.726748320900026
45;0.4969231;0.7499981882021978;0.001;0.46516395;0.7291651231343629
46;0.5133333;0.7355959216753641;0.001;0.50409836;0.7327912234869159
47;0.47435898;0.7659325785514636;0.001;0.5;0.7238382687334155
48;0.4846154;0.7915039285635337;0.001;0.5020492;0.8218127723600044
49;0.4979487;0.7497750267615685;0.001;0.49590164;0.7244926290433915
50;0.4974359;0.7781684177349776;0.001;0.50409836;11.422476831029673
51;0.5061538;0.8104011462284968;0.001;0.50409836;0.9383334077772547
52;0.5133333;0.7350469620411213;0.001;0.49795082;0.7224666163569591
53;0.4994872;0.7435661911964416;0.001;0.50409836;0.7596969027988246
54;0.50153846;0.7447740291937803;0.001;0.5020492;0.7233141611834042
55;0.48820513;0.7337156525025001;0.001;0.50614756;0.7094425070481222
56;0.4948718;0.7473651443383632;0.001;0.50409836;0.7557672311048038
57;0.47076923;0.7369787430763245;0.001;0.50409836;0.7208662590042489
58;0.48358974;0.7323716428341009;0.001;0.49590164;0.7180862319274027
59;0.4897436;0.7272941797207564;0.001;0.49590164;0.7273157737294181
60;0.4846154;0.736753619756454;0.001;0.50409836;0.7219680948335616
61;0.51282054;0.7267485564794296;0.001;0.49590164;0.7399907190291608
62;0.4902564;0.7405540134967902;0.001;0.50409836;0.7522032935111249
63;0.49179488;0.75898757372147;0.001;0.49795082;0.7259087767757353
64;0.5010256;0.7636709632629003;0.001;0.50409836;2.7782480208600155
65;0.47435898;0.8237354159355164;0.001;0.49590164;0.7385515101620408
66;0.47589743;0.7412177473459488;0.001;0.49590164;0.7322035510031903
67;0.50769234;0.7549777242464897;0.001;0.49590164;1.2186630358461474
68;0.4902564;0.7479633677311432;0.001;0.49590164;0.747485631802043
69;0.5194872;0.744786944817274;0.001;0.4795082;0.7173054364861035
70;0.494359;0.7387328745157291;0.001;0.50409836;0.7291748328287093
71;0.52;0.980852650190011;0.001;0.49590164;0.7418223091813384
72;0.50769234;0.7251432976355919;0.001;0.50409836;0.7253680199873253
73;0.4974359;0.7335091123825465;0.001;0.50409836;0.7210141527848165
74;0.50358975;0.7320826405745287;0.001;0.50409836;0.7182996097158213
75;0.4876923;0.7385289724667867;0.001;0.49795082;0.7193134212103046
76;0.49384615;0.7348415438945477;0.001;0.50409836;0.714051115708273
77;0.4974359;0.7307246231421446;0.001;0.50409836;0.7609408771405455
78;0.50871795;0.7411321888825833;0.001;0.50409836;0.7250998332852223
79;0.5041026;0.742054459192814;0.001;0.50409836;0.7517786465707372
80;0.49846154;0.7270223202460852;0.001;0.49385247;0.7223406258176585
81;0.4974359;0.7480247400357173;0.001;0.50409836;0.7561968203450813
82;0.5010256;0.7358274827248011;0.001;0.49590164;1.0360821231466826
83;0.5010256;0.7276952131589254;0.001;0.5020492;0.7537108630430503
84;0.494359;0.7187764062636938;0.001;0.50409836;0.7127696989012546
85;0.49846154;0.7185463032967006;0.001;0.50409836;0.7293194678963207
86;0.47435898;0.7098739872223292;0.0003;0.50409836;0.7030509788481916
87;0.47948718;0.7084777084986369;0.0003;0.50409836;0.6997487965177317
88;0.5102564;0.7060905969448579;0.0003;0.49590164;0.7062545467595585
89;0.4979487;0.7037311564347682;0.0003;0.50409836;0.7038321837050016
90;0.5030769;0.7041152727298248;0.0003;0.49590164;0.7010200932377675
91;0.49333334;0.7026189571771866;0.0003;0.50409836;0.7002643503126551
92;0.4969231;0.7063476055707687;0.0003;0.50409836;0.7109235124509843
93;0.5010256;0.7108108749145117;0.0003;0.49590164;0.7292268755006008
94;0.51076925;0.7073895971591656;0.0003;0.50409836;0.707080852789957
95;0.4948718;0.7095560946831336;0.0003;0.49590164;8.540093398485027
96;0.4876923;0.7249512240825555;0.0003;0.49590164;0.7045657566336335
97;0.5030769;0.7096910530481583;0.0003;0.50409836;1.8916300984679675
98;0.50153846;0.7124719492594401;0.0003;0.49590164;0.7059616280383751
99;0.4897436;0.7070389619240394;0.0003;0.50409836;0.7062927504054836
100;0.5041026;0.7144052479205988;0.0003;0.50614756;0.7036557852244768
101;0.50153846;0.7048077502617469;0.0003;0.49590164;0.7042584419250488
102;0.5010256;0.7081823206559206;0.0003;0.50409836;0.7102479328874682
103;0.50358975;0.7023595000536014;0.0003;0.50409836;0.7262579515332082
104;0.4897436;0.7063861524753081;0.0003;0.50409836;0.7038072865517413
105;0.5;0.7147203185008122;0.0003;0.50409836;0.7339326309376075
106;0.49179488;0.7075706234345069;0.0003;0.49590164;0.700149908417561
107;0.47641027;0.7069191026687622;0.0003;0.50409836;0.6988413030983972
108;0.49384615;0.7047255244010534;0.0003;0.50409836;0.701494899929547
109;0.4928205;0.7062022630984967;0.0003;0.47131148;0.7066637492570721
110;0.50871795;0.7023820399015378;0.0003;0.50409836;0.7013558315449073
111;0.4923077;0.7051596397008651;0.0003;0.49795082;0.7036874020685915
112;0.4969231;0.7037757908380948;0.0003;0.50409836;0.7067055467699395
113;0.48820513;0.7018511994068439;0.0003;0.50409836;0.697826587762989
114;0.50666666;0.7054698735017043;0.0003;0.49590164;0.7305147139752497
115;0.4994872;0.7025938369677617;0.0003;0.50409836;0.7019032679620336
116;0.50153846;0.7068530203134585;0.0003;0.50409836;0.7093710342391593
117;0.48;0.7027736152135409;0.0003;0.50409836;0.698068130211752
118;0.51641023;0.7149509557699546;0.0003;0.49590164;0.920517098708231
119;0.5020513;0.7070248558582404;0.0003;0.49795082;0.7051737484384756
120;0.514359;0.7036298100764935;0.0003;0.50409836;0.7013032573168395
121;0.5102564;0.7019535378309396;0.0003;0.5;0.7048292306602978
122;0.48051283;0.711163332156646;0.0003;0.50409836;0.7077421927061237
123;0.4979487;0.7010306408466437;0.0003;0.50409836;0.7012114309873737
124;0.4948718;0.7045452405856206;0.0003;0.50409836;0.7003661472289289
125;0.49333334;0.7035389178838485;0.0003;0.49590164;3.199410911466255
126;0.5205128;0.7388994805629436;0.0003;0.50409836;1.1900968238955638
127;0.494359;0.7096795481290573;0.0003;0.49795082;0.701053548054617
128;0.50666666;0.7011327243462587;0.0003;0.51229507;0.6971104584756445
129;0.511282;0.7053184072787945;0.0003;0.49590164;0.7141779592779817
130;0.5133333;0.7034931937853496;0.0003;0.47131148;0.6994738969646517
131;0.49846154;0.7082226448181348;0.0003;0.50409836;1.385873927444708
132;0.50358975;0.7191411349100945;0.0003;0.5;0.7059523258052889
133;0.48358974;0.7114135421239413;0.0003;0.49590164;0.7014026045799255
134;0.5;0.7041274814727979;0.0003;0.49590164;0.700915943403713
135;0.50461537;0.7009007948484176;0.0003;0.50409836;0.6995337302567529
136;0.5097436;0.7073995993076226;0.0003;0.48770493;0.7031248016435592
137;0.5133333;0.7414594523723309;0.0003;0.49590164;1.5108564505811597
138;0.4994872;0.7222176082317646;0.0003;0.5;0.7140470489126737
139;0.49846154;0.7067294685657208;0.0003;0.50409836;0.7028964015304066
140;0.5020513;0.7080034223580972;0.0003;0.5020492;0.7040275169200585
141;0.4974359;0.7116282435563894;0.0003;0.50409836;0.7020976826792857
142;0.51076925;0.71883718252182;0.0003;0.50409836;0.7092001076604499
143;0.5092308;0.7036871101917365;0.0003;0.49590164;0.704152458026761
144;0.4846154;0.7256579212042001;0.0003;0.50409836;0.7755524643131944
145;0.50461537;0.7055722059959021;0.0003;0.50409836;0.7038634126303626
146;0.51076925;0.7098208237916995;0.0003;0.50409836;0.7008708656811323
147;0.511282;0.7094459379024994;0.0003;0.50409836;0.7043190725514146
148;0.50358975;0.702911069393158;0.0003;0.49590164;0.6972745520169618
149;0.511282;0.7000985467128265;0.0003;0.49385247;0.7040386063153626
150;0.5020513;0.7104097610253554;0.0003;0.50409836;0.7002968807689479
151;0.5041026;0.7030400995719127;0.0003;0.49590164;0.7025557375345074
152;0.4953846;0.7021443656163338;0.0003;0.50409836;0.7010138288873141
153;0.48205128;0.7134541810475863;0.0003;0.49590164;0.736618986872376
154;0.4979487;0.7126579583608187;0.0003;0.5;0.7012908302369665
155;0.49641025;0.7132763503759335;0.0003;0.50409836;0.7112174766962646
156;0.514359;0.7008909422312027;0.0003;0.50409836;0.6986293411645733
157;0.514359;0.7071182406865634;0.0003;0.50409836;0.7067664079978818
158;0.50153846;0.7055246509038485;0.0003;0.50409836;0.699271309571188
159;0.50256413;0.6973341036454225;9e-05;0.50409836;0.6962958242072433
160;0.51384616;0.6964004037930416;9e-05;0.50409836;0.6998135340018351
161;0.50564104;0.6968299942750197;9e-05;0.50409836;0.6964167170837278
162;0.49589744;0.696175698989477;9e-05;0.50409836;0.6954743588557009
163;0.5097436;0.7004918471972148;9e-05;0.49590164;0.7849716759118878
164;0.50769234;0.7007518337934445;9e-05;0.48565573;0.6978498599568351
165;0.49128205;0.6974849810967079;9e-05;0.50409836;0.6968902417870818
166;0.51897436;0.6946634132434161;9e-05;0.50409836;0.695084204439257
167;0.5071795;0.6990049288211725;9e-05;0.50409836;0.7036258001796535
168;0.4994872;0.69883213807375;9e-05;0.50409836;0.697529667713603
169;0.49076924;0.698860342380328;9e-05;0.49590164;0.7125302826771971
170;0.4923077;0.6999758721009279;9e-05;0.50409836;1.381137589939305
171;0.4846154;0.6998945216643505;9e-05;0.49590164;0.6982529622609498
172;0.5133333;0.6963954624151573;9e-05;0.48770493;0.6995652933589748
173;0.50153846;0.6971657603214949;9e-05;0.47336066;0.6961926309788813
174;0.48820513;0.7036807376910479;9e-05;0.50409836;0.704460015062426
175;0.48923078;0.7004216363491156;9e-05;0.50409836;0.6973117169786672
176;0.48205128;0.7085530373989007;9e-05;0.50409836;2.319002124129749
177;0.4948718;0.7036962649149773;9e-05;0.50409836;0.704705641895044
178;0.4902564;0.6990992804062672;9e-05;0.47336066;0.6970352540250684
179;0.5082051;0.6973117327078795;9e-05;0.49590164;0.6968358110208981
180;0.5153846;0.6973231451939313;9e-05;0.50409836;0.7076448514813283
181;0.4846154;0.7075565800911341;9e-05;0.50409836;0.7022878654667588
182;0.49846154;0.7079830733323709;9e-05;0.49590164;0.7811740314374205
183;0.49384615;0.704310136941763;9e-05;0.50409836;0.7013288081669417
184;0.4923077;0.7040645675170116;9e-05;0.48360655;0.7018848462182967
185;0.4851282;0.6994190235627004;9e-05;0.49590164;0.6972890662365272
186;0.49384615;0.6973693210039383;9e-05;0.49590164;0.6958775960031103
187;0.4902564;0.6993523717537904;9e-05;0.50409836;0.697514539859334
188;0.5082051;0.6982816777473841;9e-05;0.49590164;1.8546659985526663
189;0.4902564;0.7037579302910046;9e-05;0.50409836;0.7047695097376089
190;0.49846154;0.7012583870154161;9e-05;0.49590164;0.6999158947194208
191;0.48307693;0.6991524420640407;9e-05;0.50409836;0.6970111864512084
192;0.48666668;0.6974818672277988;9e-05;0.50409836;0.6959751287444693
193;0.48820513;0.6975051433612138;9e-05;0.50409836;0.6962343864753598
194;0.48666668;0.6967316785836831;9e-05;0.5020492;0.6960440141255738
195;0.5010256;0.6965393444207998;9e-05;0.48770493;0.6955131302114392
196;0.4902564;0.6957149132092794;9e-05;0.50409836;0.6972096249705455
197;0.5010256;0.6968458858514444;2.7e-05;0.49590164;0.6965926944232378
198;0.4969231;0.696204273884113;2.7e-05;0.49590164;0.6957378123627335
199;0.49846154;0.6951983806414482;2.7e-05;0.48770493;0.6951518850248368
200;0.5123077;0.695448010028937;2.7e-05;0.49795082;0.7108272753778051
201;0.4928205;0.6975027368618891;2.7e-05;0.46721312;0.6965888963371026
202;0.4948718;0.6959045405876942;2.7e-05;0.4487705;0.6961711762381382
203;0.49589744;0.6956881495011158;2.7e-05;0.50409836;0.6953517726210298
204;0.5020513;0.695284045231648;2.7e-05;0.49385247;0.6954703379849918
205;0.5102564;0.6951515483856201;2.7e-05;0.5143443;0.6950534230372944
206;0.49384615;0.6952858114242554;2.7e-05;0.4692623;0.6955783064248132
207;0.50256413;0.6951759895300254;2.7e-05;0.48155737;0.6951987596808887
208;0.5041026;0.6950077983660575;2.7e-05;0.50409836;0.6946940441600612
209;0.4923077;0.6949808660531656;2.7e-05;0.49590164;0.6973695471638539
210;0.4928205;0.6948081127802531;2.7e-05;0.50409836;0.69508466564241
211;0.48666668;0.6947901530754872;2.7e-05;0.50409836;0.6949784706850521
212;0.50153846;0.6945127967076424;2.7e-05;0.50409836;0.6948111868295513
213;0.50051284;0.694755319142953;2.7e-05;0.46106556;0.6960556204201745
214;0.4948718;0.6943697687295767;2.7e-05;0.47336066;0.6982105843356399
215;0.49897435;0.6941830245653788;2.7e-05;0.46516395;0.6968243337068402
216;0.511282;0.694600983888675;2.7e-05;0.49590164;0.71121761349381
217;0.49128205;0.6946330222716698;2.7e-05;0.49795082;0.6953482657182412
218;0.50461537;0.6944670313443893;2.7e-05;0.50409836;0.6994802756387679
219;0.49846154;0.6952336281385177;2.7e-05;0.49590164;0.7713596713347514
220;0.5041026;0.694921959852561;2.7e-05;0.47336066;0.6960778080049108
221;0.5194872;0.6944571112975096;2.7e-05;0.4569672;0.695506685092801
222;0.51179487;0.6948137378081297;2.7e-05;0.49795082;0.7438261166947787
223;0.51076925;0.6950651352222149;2.7e-05;0.5;0.7004736661911011
224;0.5251282;0.6942847800254822;2.7e-05;0.4918033;0.696453616267345
225;0.51641023;0.6942965193283863;2.7e-05;0.50409836;0.6960403489284828
226;0.5153846;0.6934404280858162;2.7e-05;0.46721312;0.708587932782095
227;0.5148718;0.695349586560176;2.7e-05;0.44262296;0.6989232731647179
228;0.514359;0.6942436356422229;2.7e-05;0.4569672;0.6997832822017982
229;0.5220513;0.6942151679748144;2.7e-05;0.45081967;0.6979005913265416
230;0.5292308;0.6936945846141913;2.7e-05;0.45286885;0.6975745597823721
231;0.53384614;0.6940809174684378;2.7e-05;0.49590164;0.7757674357930168
232;0.5184615;0.6943050574645018;2.7e-05;0.44057378;0.7011885476894066
233;0.5220513;0.6945813328791888;2.7e-05;0.50409836;0.6994623649315755
234;0.51692307;0.6949615372144259;2.7e-05;0.46106556;0.7018192332299029
235;0.5194872;0.6943732983638079;2.7e-05;0.46721312;0.6998290966768734
236;0.52820516;0.6932586002349853;2.7e-05;0.44467214;0.6999413351543614
237;0.5220513;0.6943815308962112;2.7e-05;0.4364754;0.6994607907826783
238;0.5276923;0.6936844209524301;2.7e-05;0.45286885;0.6996074182088258
239;0.53128207;0.6910745720985608;8.1e-06;0.5081967;0.6975810772082844
240;0.52666664;0.6907528323393601;8.1e-06;0.4795082;0.6984870707402464
241;0.5415385;0.6886869767384651;8.1e-06;0.45081967;0.702579562781287
242;0.54820514;0.6865566641856462;8.1e-06;0.47131148;0.7006535696201637
243;0.545641;0.6865717245370914;8.1e-06;0.48360655;0.6990750050935589
244;0.5446154;0.6834826761025649;8.1e-06;0.48155737;0.7398163148614226
245;0.5641026;0.6815441209841997;8.1e-06;0.477459;0.7098551578209048
246;0.5630769;0.6794027403073433;8.1e-06;0.5143443;0.6923391154555024
247;0.5676923;0.6754414675785945;8.1e-06;0.5307377;0.6885393936125959
248;0.59589744;0.669969019095103;8.1e-06;0.522541;0.7094570779409565
249;0.58153844;0.6677188123189486;8.1e-06;0.5471311;0.7064362617789722
250;0.60820514;0.6523987321364574;8.1e-06;0.51844263;0.8474161155888291
251;0.6128205;0.6531295847892761;8.1e-06;0.522541;0.7711753698646046
252;0.6246154;0.6424725107046274;8.1e-06;0.522541;0.7964562119030562
253;0.62358975;0.6384053284693987;8.1e-06;0.61270493;0.6382556806822293
254;0.6302564;0.6338677757825607;8.1e-06;0.58196723;0.6852100911687632
255;0.634359;0.6273762543384845;8.1e-06;0.545082;0.7074344451310205
256;0.63179487;0.6278018381656745;8.1e-06;0.5758197;0.6567765738143295
257;0.6241026;0.6260010531621102;8.1e-06;0.5942623;0.6374063833815152
258;0.65076923;0.6146101798155369;8.1e-06;0.6393443;0.6264265765909289
259;0.6523077;0.6133743711006947;8.1e-06;0.64959013;0.6193326056980696
260;0.6615385;0.5984597202447745;8.1e-06;0.60655737;0.6278578082069022
261;0.6697436;0.6005235213499803;8.1e-06;0.63114756;0.6424281831647529
262;0.6548718;0.5997801444469354;8.1e-06;0.64959013;0.607192762562486
263;0.65794873;0.590187116586245;8.1e-06;0.64344263;0.5957459387232046
264;0.6728205;0.5807401334933746;8.1e-06;0.6229508;0.6467629837208106
265;0.68358976;0.5765983575429672;8.1e-06;0.6803279;0.5875472436185742
266;0.70615387;0.5597053290024782;8.1e-06;0.66188526;0.6011834364445483
267;0.7020513;0.558502343190022;8.1e-06;0.7028689;0.5791879350044689
268;0.6882051;0.5675708226057199;8.1e-06;0.72336066;0.5766844690823164
269;0.6825641;0.5722625955557212;8.1e-06;0.71311474;0.5604163569505097
270;0.69641024;0.5527002984743852;8.1e-06;0.69057375;0.5731509787137391
271;0.7123077;0.5420913025049063;8.1e-06;0.67622954;0.5802539855730339
272;0.71384615;0.5422975760239821;8.1e-06;0.6946721;0.5729965191395556
273;0.71897435;0.537285018150623;8.1e-06;0.6741803;0.5850790758601955
274;0.7153846;0.5377388664392324;8.1e-06;0.7356557;0.5388837114709323
275;0.7276923;0.5306548682237283;8.1e-06;0.6639344;0.5788977927848941
276;0.71897435;0.5229987505766062;8.1e-06;0.70696723;0.6037633936913287
277;0.7276923;0.5137893493970235;8.1e-06;0.6577869;0.6203512529857823
278;0.7287179;0.519520370043241;8.1e-06;0.66803277;0.5670922965299888
279;0.7246154;0.5152836002447666;8.1e-06;0.68237704;0.5822600018782694
280;0.7297436;0.5109077539810768;8.1e-06;0.70696723;0.5512417921277343
281;0.75384617;0.4910587250880706;8.1e-06;0.74590164;0.5257218460567662
282;0.75948715;0.48724024158257706;8.1e-06;0.69057375;0.5972655171253642
283;0.7497436;0.4914432827020303;8.1e-06;0.7295082;0.5257765621435447
284;0.75076926;0.4978663163307386;8.1e-06;0.7008197;0.5470285777185784
285;0.7394872;0.49562898660317445;8.1e-06;0.7008197;0.5353512084874951
286;0.7569231;0.48383197063054795;8.1e-06;0.7172131;0.524624303716128
287;0.76153845;0.47151586019075836;8.1e-06;0.704918;0.5523640562276371
288;0.7671795;0.4747740296828441;8.1e-06;0.6885246;0.5920244640991336
289;0.7517949;0.4766338127392989;8.1e-06;0.7418033;0.49502815232902275
290;0.76358974;0.47054210296043986;8.1e-06;0.73770493;0.5441615405629893
291;0.7641026;0.47804988738818044;8.1e-06;0.74590164;0.49921612368255364
292;0.76564103;0.454734009993382;8.1e-06;0.7356557;0.4946306577471436
293;0.7887179;0.4441489875622285;8.1e-06;0.7008197;0.594929069769187
294;0.7794872;0.4470792323198074;8.1e-06;0.75409836;0.4905044172630935
295;0.78102565;0.43584585678883087;8.1e-06;0.7356557;0.527555734896269
296;0.77179486;0.4412628841705811;8.1e-06;0.75614756;0.4867541672753506
297;0.7825641;0.4433666493648138;8.1e-06;0.7704918;0.47612893288252783
298;0.7876923;0.4467328218007699;8.1e-06;0.75409836;0.4656846860393149
299;0.7702564;0.4451130534441043;8.1e-06;0.7356557;0.5170831020738258
300;0.78205127;0.4483236091870528;8.1e-06;0.76229507;0.4963258798005151
301;0.7902564;0.43119998669013;8.1e-06;0.76229507;0.46614824357579965
302;0.80615383;0.3996638913949331;8.1e-06;0.76229507;0.4581020151982542
303;0.78717947;0.421396203377308;8.1e-06;0.76229507;0.5127243096711206
304;0.79846156;0.4194087061820886;8.1e-06;0.77663934;0.47192608919300016
305;0.80051285;0.41269004134031445;8.1e-06;0.772541;0.49155731230485633
306;0.8082051;0.3929932531638023;8.1e-06;0.77663934;0.5002733840317023
307;0.80564106;0.40810448536506067;8.1e-06;0.772541;0.4647217060698838
308;0.8082051;0.3999624407597077;8.1e-06;0.7827869;0.4412555494269387
309;0.81435895;0.3726789221702478;8.1e-06;0.77459013;0.45258670361315617
310;0.80871797;0.39203070108707133;8.1e-06;0.7520492;0.5128939005195118
311;0.8241026;0.3803773497312497;8.1e-06;0.7663934;0.5748787209635875
312;0.8076923;0.3938669749406668;8.1e-06;0.75409836;0.4897956789517012
313;0.80051285;0.3994087748038463;8.1e-06;0.75409836;0.46429739428348227
314;0.82153845;0.37430931289990743;8.1e-06;0.77663934;0.48031051505784517
315;0.81948715;0.3822661901742984;8.1e-06;0.77459013;0.475194480575499
316;0.8174359;0.37856931515229053;8.1e-06;0.7602459;0.4392752442203584
317;0.8153846;0.3827778464097243;8.1e-06;0.76844263;0.44003118208197295
318;0.82;0.38088344956055664;8.1e-06;0.77459013;0.44772311116828295
319;0.8179487;0.37023058481705495;8.1e-06;0.73770493;0.5728147127589241
320;0.80564106;0.40112517613631027;8.1e-06;0.77459013;0.4596492501555896
321;0.81589746;0.3706062942590469;8.1e-06;0.7090164;0.6281781558130608
322;0.81948715;0.36890521853398056;8.1e-06;0.7889344;0.43179997972777634
323;0.8271795;0.36676870486675167;8.1e-06;0.80737704;0.42038665394314
324;0.834359;0.35423390348752337;8.1e-06;0.77663934;0.45826697911395403
325;0.81641024;0.37819248337012074;8.1e-06;0.7807377;0.4812755443033625
326;0.82769233;0.36442756515282854;8.1e-06;0.80122954;0.47561655865340935
327;0.82974356;0.3531038435605856;8.1e-06;0.795082;0.42318965665629654
328;0.8415385;0.3353300619431031;8.1e-06;0.8196721;0.3959415594085318
329;0.83589745;0.34097563220904425;8.1e-06;0.79303277;0.4274543934181088
330;0.84102565;0.337914199920801;8.1e-06;0.79303277;0.4381315620219121
331;0.83692306;0.3330368389838781;8.1e-06;0.7807377;0.4724057414492623
332;0.83179486;0.34684090363673675;8.1e-06;0.8032787;0.44916279736112374
333;0.8271795;0.3476660034289727;8.1e-06;0.75;0.4810231357324319
334;0.82974356;0.35940679641870354;8.1e-06;0.7807377;0.5295710739542226
335;0.8451282;0.3273576813324904;8.1e-06;0.77663934;0.45483068022571627
336;0.84410256;0.32775568891794254;8.1e-06;0.8258197;0.4185452234061038
337;0.8502564;0.3207343264726492;8.1e-06;0.7827869;0.4327101780742895
338;0.84205127;0.3318766139103816;8.1e-06;0.7827869;0.4630849107367093
339;0.84;0.33789304678256693;8.1e-06;0.83196723;0.3854862837517848
340;0.8425641;0.3271757591382051;8.1e-06;0.7807377;0.4654302719186564
341;0.83692306;0.3325327968597412;8.1e-06;0.77868855;0.4728377353949625
342;0.86;0.3188271633936809;8.1e-06;0.78483605;0.42971582496996785
343;0.8502564;0.32471219927836686;8.1e-06;0.795082;0.41808215027949847
344;0.8502564;0.32861828113213565;8.1e-06;0.74385244;0.49659338642339235
345;0.834359;0.3352268340037419;8.1e-06;0.7991803;0.45431966615504904
346;0.84820515;0.31540278184108245;8.1e-06;0.76844263;0.4760463511357542
347;0.8625641;0.3074510666345939;8.1e-06;0.795082;0.4278846055757804
348;0.84923077;0.3026621388013546;8.1e-06;0.795082;0.4346130998408208
349;0.8517949;0.30327219229478103;8.1e-06;0.772541;0.532205375003033
350;0.85384613;0.3185117019903965;8.1e-06;0.79303277;0.43202859358709367
351;0.8471795;0.31081081310908;8.1e-06;0.8032787;0.45850311732683025
352;0.85897434;0.3029383317170999;8.1e-06;0.78688526;0.4158623751069679
353;0.85384613;0.3261126505717253;8.1e-06;0.7909836;0.47625387227926097
354;0.8466667;0.33620034358440304;8.1e-06;0.7909836;0.4612125185180883
355;0.854359;0.30634682551408426;8.1e-06;0.7704918;0.4820532767010517
356;0.8558974;0.30173276250179;8.1e-06;0.7827869;0.47208612570997144
357;0.8605128;0.2897990892483638;8.1e-06;0.8053279;0.4330421290436729
358;0.86102563;0.29392624026689773;8.1e-06;0.7909836;0.4883716712232496
359;0.86;0.30084072531797945;8.1e-06;0.7909836;0.43284668736770504
360;0.8748718;0.29381339776210297;8.1e-06;0.80122954;0.4214029351218802
361;0.86102563;0.30160387315811255;8.1e-06;0.7602459;0.45755299021963214
362;0.8569231;0.32193374653657275;8.1e-06;0.80122954;0.4329454385843433
363;0.85897434;0.3037416255779755;8.1e-06;0.7909836;0.4072688493083735
364;0.8666667;0.29597600505902216;8.1e-06;0.7827869;0.46957781715471236
365;0.8625641;0.2986767284075419;8.1e-06;0.81762296;0.40948672372786726
366;0.8789744;0.27696025622196685;8.1e-06;0.79303277;0.4380449134795392
367;0.86153847;0.3058183737290211;8.1e-06;0.77459013;0.5574855176640339
368;0.8810256;0.27598345236900523;8.1e-06;0.80942625;0.43316576715375554
369;0.8707692;0.2747371624677609;8.1e-06;0.8135246;0.4121872461477264
370;0.8984615;0.23132296884671236;2.43e-06;0.8217213;0.3810715829251242
371;0.90923077;0.21457356069332514;2.43e-06;0.8278689;0.36700722575187683
372;0.905641;0.20957292480346484;2.43e-06;0.82377046;0.3604022567389441
373;0.91384614;0.20698702708268776;2.43e-06;0.82377046;0.3726600025032387
374;0.905641;0.2086649932922461;2.43e-06;0.829918;0.3569903236920716
375;0.9128205;0.19770861049493155;2.43e-06;0.81557375;0.3783181524667584
376;0.9117949;0.20225729593863853;2.43e-06;0.8196721;0.3852437206956207
377;0.9117949;0.2070953914293876;2.43e-06;0.82377046;0.3686987503630216
378;0.9158974;0.19922899455596238;2.43e-06;0.8135246;0.3857199549674988
379;0.9097436;0.19270133700126257;2.43e-06;0.7991803;0.4158246458553877
380;0.91641027;0.1962107899555793;2.43e-06;0.795082;0.4165154236261962
381;0.9169231;0.19173066799457256;2.43e-06;0.8360656;0.4090465209523185
382;0.9153846;0.19978885477169966;2.43e-06;0.81557375;0.41127405498848585
383;0.9251282;0.18044171336369635;2.43e-06;0.8135246;0.40722375863888227
384;0.91846156;0.1921476312019886;2.43e-06;0.8053279;0.411856796409263
385;0.92358977;0.18869589813244647;2.43e-06;0.829918;0.3940659536690008
386;0.9225641;0.17889351904392242;2.43e-06;0.8053279;0.4211025677743505
387;0.9230769;0.17360724626443325;2.43e-06;0.81762296;0.4090800786116084
388;0.92615384;0.17778895046466436;2.43e-06;0.8135246;0.46679567741077455
389;0.9297436;0.18476015402720525;2.43e-06;0.81557375;0.41807797600011354
390;0.9251282;0.18445736901882367;2.43e-06;0.8196721;0.4137637312295007
391;0.9220513;0.1837737190341338;2.43e-06;0.7991803;0.48197445322255617
392;0.9215385;0.17689654749937547;2.43e-06;0.8114754;0.4195524997642783
393;0.9205128;0.1817618297537168;2.43e-06;0.8196721;0.41197446916924146
394;0.9153846;0.1983769036638431;2.43e-06;0.8340164;0.4247815169271876
395;0.9297436;0.16222622845417414;2.43e-06;0.8135246;0.42791802228474224
396;0.91897434;0.18744109283655117;2.43e-06;0.8196721;0.450031684803181
397;0.9246154;0.1817577008711986;2.43e-06;0.7991803;0.4841758420721429
398;0.928718;0.16593075843193592;2.43e-06;0.8196721;0.40285775370773724
399;0.93538463;0.1529732994391368;2.43e-06;0.8217213;0.4462046413148036
400;0.9317949;0.17111105338121071;2.43e-06;0.8217213;0.4565471156698758
401;0.9230769;0.1786825011938046;2.43e-06;0.8032787;0.4558500051498413
402;0.93333334;0.1606805606606679;2.43e-06;0.8278689;0.4283128429631718
403;0.9379487;0.1605197385717661;2.43e-06;0.83811474;0.4294027747189412
404;0.9338462;0.1600164205294389;2.43e-06;0.8217213;0.4316298580560528
405;0.9441026;0.14033318038934317;7.29e-07;0.82377046;0.42922163376065553
406;0.95076925;0.13201358972451627;7.29e-07;0.8196721;0.44166267480029436
407;0.954359;0.12531752945520938;7.29e-07;0.81762296;0.42392911139081735
408;0.9502564;0.13194443815793747;7.29e-07;0.82377046;0.43175696447247364
409;0.95076925;0.12638386704982854;7.29e-07;0.8135246;0.427612268533863
410;0.94769233;0.12458467260385171;7.29e-07;0.83811474;0.40562855342372517
411;0.95589745;0.12427257330753864;7.29e-07;0.829918;0.4557009202535035
412;0.94974357;0.12300059914588929;7.29e-07;0.82377046;0.4420180281654733
413;0.94974357;0.12778963492466852;7.29e-07;0.8258197;0.4357537605234834
414;0.9574359;0.12296275640909489;7.29e-07;0.8196721;0.47559138106518106
415;0.94974357;0.12630074826188575;7.29e-07;0.8258197;0.4381937853625563
416;0.9523077;0.121379877443497;7.29e-07;0.82377046;0.4681616628267726
417;0.9492308;0.13030385752518972;7.29e-07;0.8278689;0.4577245232267458
418;0.9564102;0.1189371633147582;7.29e-07;0.8278689;0.4638499490550307
419;0.954359;0.124046843342292;7.29e-07;0.8340164;0.4401907871981136
420;0.95179486;0.120576148216541;7.29e-07;0.84016395;0.4376614709369472
421;0.95282054;0.12375995458700718;7.29e-07;0.8258197;0.49936022328548746
422;0.9502564;0.11903940023520054;7.29e-07;0.8196721;0.494464635848999
423;0.96153843;0.11154442740556521;7.29e-07;0.8135246;0.49330877231769876
424;0.9492308;0.12230210553377102;7.29e-07;0.8360656;0.41807190188374677
425;0.9574359;0.11348379396475279;7.29e-07;0.8360656;0.46995147818424665
426;0.95179486;0.11616735971890962;7.29e-07;0.83196723;0.4508704867397175
427;0.9574359;0.11880396133814103;7.29e-07;0.82377046;0.4988675138256589
428;0.9533333;0.11870411823193232;7.29e-07;0.8340164;0.4688066459092938
429;0.954359;0.11473784401630743;7.29e-07;0.829918;0.4902146894667969
430;0.951282;0.11739085254760889;7.29e-07;0.8422131;0.4882376340569043
431;0.9533333;0.11336212325554627;7.29e-07;0.83196723;0.48465448080516255
432;0.9584615;0.11090377402611268;7.29e-07;0.8278689;0.4920117268796827
433;0.96102566;0.10371431223857097;7.29e-07;0.8278689;0.48067145562562785
434;0.95794874;0.111853624635782;7.29e-07;0.8278689;0.4935768930638423
435;0.9605128;0.10989311783741681;2.1870001e-07;0.8196721;0.48935159991999144
436;0.96153843;0.10109046068711158;2.1870001e-07;0.82377046;0.49676961390698543
437;0.9594872;0.1092860658505024;2.1870001e-07;0.8196721;0.5093960459115076
438;0.96307695;0.10199937756244953;2.1870001e-07;0.82377046;0.5042516765047292
439;0.9671795;0.09984816503830445;2.1870001e-07;0.81762296;0.489966167533984
440;0.96410257;0.09904829586163545;2.1870001e-07;0.82377046;0.4869716958921464
441;0.9646154;0.09959841602887863;2.1870001e-07;0.82377046;0.4913598279483983
442;0.96;0.09961151846708395;2.1870001e-07;0.8196721;0.49328922968907435
443;0.96307695;0.09809526530595926;2.1870001e-07;0.83196723;0.49523413230161195
444;0.9646154;0.09629677417950752;2.1870001e-07;0.82377046;0.4912724051563466
445;0.96;0.10241183316096282;2.1870001e-07;0.8196721;0.49810887995313424
446;0.95794874;0.10512406408786773;2.1870001e-07;0.83196723;0.49429638268517667
447;0.9605128;0.09941419112376677;2.1870001e-07;0.8258197;0.4967931694671756
448;0.96410257;0.09845918389467093;2.1870001e-07;0.8217213;0.4998408746523935
449;0.95794874;0.11309221543562718;2.1870001e-07;0.8278689;0.4805104400290818
450;0.9651282;0.09960663589147421;2.1870001e-07;0.8258197;0.4905261324077356
451;0.95897436;0.1033081264526416;2.1870001e-07;0.8278689;0.5025899854839825
452;0.96666664;0.09322506715089847;2.1870001e-07;0.82377046;0.49145516753196716
453;0.96666664;0.09533896734699225;2.1870001e-07;0.8196721;0.49607318835180314
454;0.965641;0.09607791673678619;2.1870001e-07;0.81557375;0.49337753925289285
455;0.96615386;0.09858023301149026;2.1870001e-07;0.81762296;0.49723965179969054
456;0.9651282;0.09621742006295766;2.1870001e-07;0.8196721;0.4849577844142914
457;0.965641;0.09058300385108362;2.1870001e-07;0.8196721;0.49720839985081405
458;0.96615386;0.0915130707831719;2.1870001e-07;0.8196721;0.5034898617228524
459;0.9605128;0.10196061689120073;2.1870001e-07;0.8278689;0.5149058728921608
460;0.96102566;0.0978466153374085;2.1870001e-07;0.81762296;0.5171547659107896
461;0.96410257;0.10322503962577918;2.1870001e-07;0.8258197;0.5284345218392669
462;0.9697436;0.09155140644464738;2.1870001e-07;0.829918;0.5100316796146456
463;0.96307695;0.10020023286724702;2.1870001e-07;0.8278689;0.4943121671676636
464;0.96410257;0.10346193965046833;2.1870001e-07;0.83196723;0.5085338959928418
465;0.96410257;0.0963137633448992;6.561e-08;0.8258197;0.5036377547705759
466;0.96666664;0.09209016229861822;6.561e-08;0.829918;0.5007477021608197
467;0.96153843;0.09843660252216535;6.561e-08;0.8258197;0.502573796960174
468;0.96615386;0.09576221360228;6.561e-08;0.8278689;0.5021408913565464
469;0.96871793;0.09185620087843675;6.561e-08;0.8278689;0.5033059823708456
470;0.9692308;0.08746737579504649;6.561e-08;0.8258197;0.5022374186359468
471;0.9676923;0.09120315932310545;6.561e-08;0.82377046;0.5050482572835
472;0.9702564;0.09397877998076952;6.561e-08;0.829918;0.5073563217139635
473;0.9625641;0.09199908195397792;6.561e-08;0.8258197;0.5063622676935352
474;0.965641;0.09456966287050492;6.561e-08;0.8278689;0.5055043487275233
475;0.96871793;0.09402334441741307;6.561e-08;0.82377046;0.5040877256237093
476;0.96820515;0.09481130288961606;6.561e-08;0.8278689;0.5053678829161847
477;0.9702564;0.09232252971866192;6.561e-08;0.8278689;0.507172272830713
478;0.96820515;0.09323534386280255;6.561e-08;0.8258197;0.5087167752570794
479;0.9692308;0.09219755795139532;6.561e-08;0.8278689;0.5102154651626212
480;0.9702564;0.08584976639503088;6.561e-08;0.8278689;0.5085794158646317
481;0.96615386;0.09297741518570826;6.561e-08;0.82377046;0.5128907087396403
482;0.9625641;0.09952712807135704;6.561e-08;0.8258197;0.5108449273422117
483;0.9635897;0.09330165494710971;6.561e-08;0.8258197;0.5115929656341428
484;0.9620513;0.09615398228932649;6.561e-08;0.82377046;0.5152677199879631
485;0.9676923;0.09072697848845751;6.561e-08;0.82377046;0.5137731178862149
486;0.9702564;0.09008877089390388;6.561e-08;0.8278689;0.5085239986904332
487;0.96820515;0.09111247582313342;6.561e-08;0.8278689;0.5127188172496733
488;0.96871793;0.09583001986910135;6.561e-08;0.829918;0.5157513971455762
489;0.97179484;0.08995877363169805;6.561e-08;0.8278689;0.5156698539608815
490;0.9646154;0.097475089713549;6.561e-08;0.82377046;0.5168859704596097
491;0.9692308;0.09222644775341719;6.561e-08;0.82377046;0.5116444978801931
492;0.9702564;0.08956492085105333;6.561e-08;0.82377046;0.5090377237953123
493;0.9676923;0.09029888657423166;6.561e-08;0.8278689;0.5091332659797102
494;0.96666664;0.09396559903254875;6.561e-08;0.829918;0.5076401526810693
495;0.9676923;0.0879899154144984;1.9683e-08;0.829918;0.5078073051132139
496;0.96615386;0.09325086477475289;1.9683e-08;0.829918;0.5081451105289772
497;0.96615386;0.09065110928355119;1.9683e-08;0.829918;0.5072287301548192
498;0.96410257;0.09775529590172645;1.9683e-08;0.8258197;0.5057368644314711
499;0.9692308;0.09381308369911634;1.9683e-08;0.8258197;0.5052760840683687
500;0.96666664;0.09466173077240968;1.9683e-08;0.8258197;0.506472041372393
501;0.965641;0.08814494293469649;1.9683e-08;0.8278689;0.5058172102712217
502;0.9651282;0.09180415069827666;1.9683e-08;0.8278689;0.507687117232651
503;0.9671795;0.09056569554102727;1.9683e-08;0.8258197;0.5083812375049122
504;0.97128206;0.08478720678732946;1.9683e-08;0.829918;0.5073091431719358
505;0.9702564;0.0889331421867395;1.9683e-08;0.829918;0.5077778657928842
506;0.96666664;0.09489200003636189;1.9683e-08;0.8278689;0.5101802866966998
507;0.97179484;0.09193488700267596;1.9683e-08;0.8278689;0.5113669721806635
508;0.96666664;0.0952277376025151;1.9683e-08;0.8258197;0.5105462611698713
509;0.97128206;0.09003142436345418;1.9683e-08;0.8258197;0.5105001872680226
510;0.9692308;0.0905880085627238;1.9683e-08;0.8258197;0.5104637380506172
511;0.96666664;0.09440056573504056;1.9683e-08;0.8258197;0.5109777338192111
512;0.96615386;0.09490521994920878;1.9683e-08;0.8278689;0.5111438006651207
513;0.9671795;0.08902873850785768;1.9683e-08;0.8278689;0.5106356378461494
514;0.97128206;0.08829646057043321;1.9683e-08;0.8278689;0.5119952852608728
515;0.96307695;0.09779544520072447;1.9683e-08;0.829918;0.5105188098110136
516;0.96615386;0.0868227984660711;1.9683e-08;0.829918;0.5102958706070165
517;0.9692308;0.09094282788725999;1.9683e-08;0.8258197;0.511468557060742
518;0.96871793;0.0898056435585022;1.9683e-08;0.8278689;0.5112769149365972
519;0.9651282;0.09296173980602851;1.9683e-08;0.829918;0.5119373260951433
520;0.96820515;0.09023253231476515;1.9683e-08;0.8278689;0.5105590781227487
521;0.9702564;0.08882386670662806;1.9683e-08;0.8278689;0.5102129129112744
522;0.9692308;0.09203159475555786;1.9683e-08;0.8278689;0.5101568845451855
523;0.96615386;0.09190256001093448;1.9683e-08;0.8278689;0.5131105282267586
524;0.97179484;0.08581192046403885;1.9683e-08;0.82377046;0.5133724564411601
525;0.96666664;0.09181791853446226;5.9049e-09;0.8258197;0.5131959453469417
526;0.9676923;0.08993773628503848;5.9049e-09;0.8258197;0.5137336635198749
527;0.96820515;0.091314992583715;5.9049e-09;0.8258197;0.5136067847736546
528;0.96666664;0.09529772031765718;5.9049e-09;0.8278689;0.5145986461248554
529;0.9692308;0.09172581441891499;5.9049e-09;0.8278689;0.5138487258895499
530;0.9707692;0.08960289007578141;5.9049e-09;0.8258197;0.5144181157477566
531;0.96666664;0.09363097752134006;5.9049e-09;0.8278689;0.5142802464180305
532;0.96666664;0.09082447677086561;5.9049e-09;0.8278689;0.5140639787814656
533;0.9676923;0.0919020719291308;5.9049e-09;0.8278689;0.5146903796579505
534;0.9702564;0.0877805106036174;5.9049e-09;0.8258197;0.514048767871544
535;0.9651282;0.09120397868828896;5.9049e-09;0.8258197;0.5144999251991021
536;0.9723077;0.08864490969440876;5.9049e-09;0.8258197;0.5145334987366785
537;0.97333336;0.08897668697130985;5.9049e-09;0.8258197;0.5144469156617024
538;0.96410257;0.09677435158919065;5.9049e-09;0.8258197;0.5152842939877119
539;0.9651282;0.09293782058434609;5.9049e-09;0.8258197;0.5155193043536828
540;0.9723077;0.08801034735563473;5.9049e-09;0.8258197;0.5157686789504817
541;0.96666664;0.09289713216897769;5.9049e-09;0.8258197;0.5160999200383171
542;0.9671795;0.08995784152394685;5.9049e-09;0.8258197;0.5159244586209781
543;0.9702564;0.08488409118774609;5.9049e-09;0.8258197;0.5153331224058495
544;0.9707692;0.09127882957458495;5.9049e-09;0.8258197;0.5160842368715122
545;0.9692308;0.08833759754896164;5.9049e-09;0.8258197;0.5152180258367882
546;0.9728205;0.08961083396887168;5.9049e-09;0.8258197;0.5149952212318045
547;0.9697436;0.08964415104725422;5.9049e-09;0.8258197;0.5153496587862734
548;0.9651282;0.09438136378924052;5.9049e-09;0.8278689;0.5150914325333033
549;0.9671795;0.09022064224267617;5.9049e-09;0.8278689;0.5145705584131304
550;0.96820515;0.0932082395752271;5.9049e-09;0.8258197;0.5147790576590866
551;0.9697436;0.08868910043667524;5.9049e-09;0.8258197;0.513984770071311
552;0.96820515;0.08999867129020202;5.9049e-09;0.8258197;0.5132215091439544
553;0.9646154;0.09451832129405095;5.9049e-09;0.8258197;0.5138558540187899
554;0.9594872;0.09869134780688163;5.9049e-09;0.8258197;0.514237423900698
555;0.9676923;0.09341947366029789;1.7714701e-09;0.8258197;0.5138945989921445
556;0.9723077;0.08841843589758262;1.7714701e-09;0.8278689;0.5145346835622044
557;0.9676923;0.0868522621729435;1.7714701e-09;0.8258197;0.514261756275521
558;0.9692308;0.09168718263506889;1.7714701e-09;0.8258197;0.5141128081767286
559;0.9671795;0.09375464730537855;1.7714701e-09;0.8258197;0.5149069528599255
560;0.9646154;0.09442556598247626;1.7714701e-09;0.8258197;0.5143882651798061
561;0.9702564;0.08770858329076034;1.7714701e-09;0.8258197;0.5140801795193406
562;0.9723077;0.08959525681458987;1.7714701e-09;0.8258197;0.514234903894487
563;0.96666664;0.0893334111189231;1.7714701e-09;0.8258197;0.5141859249990495
564;0.96820515;0.09508110212209897;1.7714701e-09;0.8258197;0.514589029868118
565;0.96666664;0.09321607683713619;1.7714701e-09;0.8258197;0.514742941152854
566;0.9702564;0.08747780767770914;1.7714701e-09;0.8258197;0.5148852858387056
567;0.9697436;0.09110296068665309;1.7714701e-09;0.8258197;0.5144451837070653
568;0.96666664;0.08759750822415718;1.7714701e-09;0.8258197;0.5145520245442625
569;0.9692308;0.08806872009466855;1.7714701e-09;0.8258197;0.5140765348418814
570;0.9671795;0.09092009902000427;1.7714701e-09;0.8258197;0.5132162053076947
571;0.9728205;0.08724609562219718;1.7714701e-09;0.8258197;0.5130333487616211
572;0.96615386;0.09380778975975819;1.7714701e-09;0.8258197;0.5144850152437804
573;0.96615386;0.09104468140082482;1.7714701e-09;0.8258197;0.514691834567023
574;0.9707692;0.08797780764408601;1.7714701e-09;0.8258197;0.5145042289475925
575;0.96615386;0.09810230207748902;1.7714701e-09;0.8258197;0.5139096680967534
576;0.9692308;0.0935347617818759;1.7714701e-09;0.8258197;0.5140993714821144
577;0.9676923;0.09163011107689295;1.7714701e-09;0.8258197;0.5140536456811623
578;0.9723077;0.08824568942571298;1.7714701e-09;0.8258197;0.514295725060291
579;0.9620513;0.09791108949062152;1.7714701e-09;0.8258197;0.5152398680077225
580;0.9697436;0.08783203415381603;1.7714701e-09;0.8258197;0.514204914880092
581;0.97128206;0.08718740264574687;1.7714701e-09;0.8258197;0.5141370325792031
582;0.96871793;0.08871421495309242;1.7714701e-09;0.8258197;0.5143574271045748
583;0.965641;0.09246991195739844;1.7714701e-09;0.8258197;0.514159762407424
584;0.96615386;0.09229108149042496;1.7714701e-09;0.8258197;0.5141443580877586
585;0.96871793;0.08953637352356544;5.31441e-10;0.8258197;0.5142761781567433
586;0.96820515;0.09198947919102815;5.31441e-10;0.8258197;0.5139584228640697
587;0.9671795;0.08982860062366876;5.31441e-10;0.8258197;0.514168558978155
588;0.96820515;0.08784762018384078;5.31441e-10;0.8258197;0.5139634494410187
589;0.9697436;0.08640211520286707;5.31441e-10;0.8258197;0.514705795733655
590;0.96666664;0.09170190231158183;5.31441e-10;0.8258197;0.5147520850916378
591;0.96871793;0.09081609203265263;5.31441e-10;0.8258197;0.5144164601310355
592;0.965641;0.09419908925508841;5.31441e-10;0.8258197;0.514585338410784
593;0.9707692;0.09175562237317746;5.31441e-10;0.8258197;0.5148533953995001
594;0.96820515;0.09264049805127657;5.31441e-10;0.8258197;0.515291050320766
595;0.97128206;0.09339436087852869;5.31441e-10;0.8258197;0.5160633540544354
596;0.965641;0.09491778256801459;5.31441e-10;0.8258197;0.5155450286435299
597;0.96615386;0.0898039157421161;5.31441e-10;0.8258197;0.5147034628469436
598;0.9671795;0.09294344222698456;5.31441e-10;0.8258197;0.5146996701349977
599;0.96666664;0.09106526552484585;5.31441e-10;0.8258197;0.5151440877406324
600;0.9635897;0.09506542099592014;5.31441e-10;0.8258197;0.5150874530682799
601;0.9692308;0.08853838919064938;5.31441e-10;0.8258197;0.51496843114251
602;0.96615386;0.09025484639864702;5.31441e-10;0.8258197;0.5152059761715717
603;0.965641;0.08891815093847422;5.31441e-10;0.8258197;0.5149260505301053
604;0.9702564;0.09040408389690595;5.31441e-10;0.8258197;0.5149868032971366
605;0.9723077;0.08416192781466704;5.31441e-10;0.8258197;0.5144494615617345
606;0.9748718;0.08584393894443146;5.31441e-10;0.8258197;0.5144421228619872
607;0.9707692;0.09082335247061192;5.31441e-10;0.8258197;0.5144927403965934
608;0.9707692;0.08929100603629381;5.31441e-10;0.8258197;0.5142045397861083
609;0.96666664;0.09406688722280356;5.31441e-10;0.8258197;0.5137897720102405
610;0.96871793;0.08764275274215601;5.31441e-10;0.8258197;0.5135190809359316
611;0.9671795;0.09305880705515544;5.31441e-10;0.8258197;0.5144549015848363
612;0.9697436;0.08936456123987833;5.31441e-10;0.8258197;0.514264633421038
613;0.9702564;0.08592627649123852;5.31441e-10;0.8258197;0.5139641417343108
614;0.9692308;0.09254656629684643;5.31441e-10;0.8258197;0.5143272632458171
615;0.9728205;0.08340971266612028;5e-10;0.8258197;0.5137764156841841
616;0.96615386;0.097649169587172;5e-10;0.8258197;0.5145650288609208
617;0.9676923;0.08958754683916385;5e-10;0.8258197;0.5141947718917347
618;0.96410257;0.09315634667873382;5e-10;0.8258197;0.5145383813097829
619;0.96871793;0.08793709612809694;5e-10;0.8258197;0.5139220446103909
620;0.9676923;0.08844374137811171;5e-10;0.8258197;0.5132679527655977
621;0.96871793;0.09142371410742785;5e-10;0.8258197;0.5146440756125529
622;0.9697436;0.08626504253882628;5e-10;0.8258197;0.5138933893109932
623;0.96871793;0.08554528403740663;5e-10;0.8258197;0.5138657522983239
624;0.9707692;0.08958823593763204;5e-10;0.8258197;0.5142793437985124
625;0.9707692;0.09087498007676541;5e-10;0.8258197;0.5143460382203586
626;0.97128206;0.08723983950339831;5e-10;0.8258197;0.5149778596690444
627;0.9676923;0.0918104230134915;5e-10;0.8258197;0.5153308388639669
628;0.96615386;0.08845395407233483;5e-10;0.8258197;0.5142620464817422
629;0.9671795;0.08857754985491435;5e-10;0.8258197;0.5141893302808043
630;0.96666664;0.09218944331010183;5e-10;0.8258197;0.514752848226516
631;0.96871793;0.089334538319172;5e-10;0.8258197;0.5148608772481074
632;0.96871793;0.08725811446324373;5e-10;0.8258197;0.5145361530976217
633;0.96820515;0.08576042122183702;5e-10;0.8258197;0.5145184769005072
634;0.9692308;0.09006121244950173;5e-10;0.8258197;0.5142804960735509
635;0.96615386;0.09505528974227416;5e-10;0.8258197;0.5137620763700517
636;0.9692308;0.08995093299792363;5e-10;0.8258197;0.5146185037542562
637;0.96666664;0.0930830715634884;5e-10;0.8258197;0.5148863235457999
638;0.9651282;0.09749050959562644;5e-10;0.8258197;0.5143503742139848
639;0.96666664;0.08985019914614849;5e-10;0.8258197;0.5146283077411964
640;0.9676923;0.08801026003483015;5e-10;0.8258197;0.5143589230834461
641;0.96820515;0.09371534572579922;5e-10;0.8258197;0.5148721708626044
642;0.96820515;0.0876015549325026;5e-10;0.8258197;0.5142553419363304
643;0.9748718;0.08500454306602478;5e-10;0.8258197;0.5143002095769663
644;0.96666664;0.09297246735829573;5e-10;0.8258197;0.5149074822175698
645;0.9671795;0.09065567025771508;5e-10;0.8258197;0.5137167917411836
646;0.9697436;0.09327823778375602;5e-10;0.8258197;0.5145882150677384
647;0.9671795;0.09012568881878485;5e-10;0.8258197;0.5147143929708199
648;0.9702564;0.08773121094092344;5e-10;0.8258197;0.5145813715262492
649;0.9671795;0.09704219325994834;5e-10;0.8258197;0.5137852254461069
650;0.9676923;0.0907346182068189;5e-10;0.8258197;0.5135136471420038
651;0.96666664;0.08979542367733442;5e-10;0.8258197;0.5136419654991783
652;0.9671795;0.09241368429783063;5e-10;0.8258197;0.5137461067223158
653;0.965641;0.0892211214090005;5e-10;0.8258197;0.5144372484723075
654;0.9671795;0.09178759658947969;5e-10;0.8258197;0.5157746120554502
655;0.9676923;0.08948856190993236;5e-10;0.8258197;0.5157645628100536
656;0.9651282;0.09630469731795482;5e-10;0.8258197;0.5153943503000697
657;0.9646154;0.09405834255310205;5e-10;0.8258197;0.5148062046434059
658;0.96871793;0.08801970244409182;5e-10;0.8258197;0.5140303153483594
659;0.96820515;0.08833305481152656;5e-10;0.8258197;0.5149946818586255
660;0.97333336;0.0849407535409316;5e-10;0.8258197;0.5146160067104902
661;0.96615386;0.09370480109483768;5e-10;0.8278689;0.5144298369767236
662;0.97128206;0.08855389507535176;5e-10;0.8258197;0.5150538253002479
663;0.96871793;0.08777842934315021;5e-10;0.8258197;0.5143613982640329
664;0.96615386;0.09208823139086748;5e-10;0.8258197;0.5142390498372374
665;0.9671795;0.09044519213529734;5e-10;0.8258197;0.5151340609691182
666;0.97384614;0.08435106803209354;5e-10;0.8258197;0.5144085686226361
667;0.9702564;0.08661960568183508;5e-10;0.8258197;0.5151947636584766
668;0.96820515;0.09142865349084903;5e-10;0.8258197;0.5157443509727228
669;0.9707692;0.08949604785595185;5e-10;0.8258197;0.515106942260363
670;0.97128206;0.08860733386797782;5e-10;0.8258197;0.5147987027637294
671;0.9702564;0.08829948093646611;5e-10;0.8258197;0.515444100880232
672;0.96410257;0.08907386782841804;5e-10;0.8258197;0.5147392652073844
673;0.9646154;0.08792023714536276;5e-10;0.8258197;0.5147557883966164
674;0.96820515;0.08953820499663169;5e-10;0.8258197;0.513825279767396
675;0.97333336;0.08682456509807171;5e-10;0.8258197;0.5148689698000424
676;0.9692308;0.08918408032793265;5e-10;0.8258197;0.514462344959134
677;0.96820515;0.09008543996474681;5e-10;0.8258197;0.5145424467618348
678;0.965641;0.09148573112029296;5e-10;0.8258197;0.5145502767113389
679;0.97128206;0.09136925661411041;5e-10;0.8258197;0.5148052309380203
680;0.96615386;0.08904679475304408;5e-10;0.8258197;0.5153407205323703
681;0.9697436;0.0861971742602495;5e-10;0.8258197;0.5156091634855896
682;0.9702564;0.08729868350120691;5e-10;0.8258197;0.5141789043535951
683;0.9702564;0.08746433409360739;5e-10;0.8258197;0.5138522298609625
684;0.9692308;0.08842443821521906;5e-10;0.8258197;0.5150461646377064
685;0.96820515;0.09000479683662072;5e-10;0.8258197;0.5152847532366143
686;0.9671795;0.09234252950319877;5e-10;0.8258197;0.5161389791574634
687;0.96153843;0.09352792570988337;5e-10;0.8258197;0.515869238826095
688;0.9702564;0.0890035338088488;5e-10;0.8258197;0.5156944736105497
689;0.9646154;0.09039258668055901;5e-10;0.8258197;0.5155904977048029
690;0.965641;0.09433738836493248;5e-10;0.8258197;0.5147613853704734
691;0.9697436;0.08573590432222072;5e-10;0.8258197;0.5148406704185439
692;0.9676923;0.08922532989428593;5e-10;0.8258197;0.515242832605956
693;0.9651282;0.09240524514172321;5e-10;0.8258197;0.5151706670151383
694;0.9692308;0.09102770233001464;5e-10;0.8258197;0.5149771476500347
695;0.9676923;0.0907252172476206;5e-10;0.8258197;0.5146163118484078
696;0.9707692;0.0849698865872163;5e-10;0.8258197;0.5143182114010951
697;0.97179484;0.08764463340624785;5e-10;0.8258197;0.5141460211550604
698;0.9702564;0.09182932395201462;5e-10;0.8258197;0.5141545543905164
699;0.9692308;0.09168217888245216;5e-10;0.8258197;0.514032668632562
700;0.9707692;0.09134230682483087;5e-10;0.8258197;0.5147727696133442
701;0.965641;0.09338901168260819;5e-10;0.8258197;0.5151127769810254
702;0.965641;0.08548990472769126;5e-10;0.8258197;0.514545417711383
703;0.9676923;0.09068598557741214;5e-10;0.8258197;0.5144994258880615
704;0.9671795;0.08936924562240259;5e-10;0.8258197;0.5147925046135168
705;0.9697436;0.08876457681258519;5e-10;0.8258197;0.514270876030453
706;0.9671795;0.09234224412303704;5e-10;0.8258197;0.5144940008882617
707;0.96871793;0.09295794673455067;5e-10;0.8258197;0.5151198120390783
708;0.9692308;0.08902084880914443;5e-10;0.8258197;0.5151664448566124
709;0.96666664;0.09294980246287125;5e-10;0.8258197;0.5153853350212095
710;0.9707692;0.0889667065326984;5e-10;0.8258197;0.5153460131316888
711;0.96615386;0.09378063541192275;5e-10;0.8258197;0.514885925855793
712;0.9697436;0.09006722202667823;5e-10;0.8258197;0.5149960674223353
713;0.97128206;0.08721061874658634;5e-10;0.8258197;0.5149631746357581
714;0.9671795;0.0910891444560809;5e-10;0.8258197;0.5145128340017601
715;0.96666664;0.08836399210569186;5e-10;0.8258197;0.5141557513690386
716;0.9707692;0.08753754232938472;5e-10;0.8258197;0.5135829986118879
717;0.96666664;0.09793343314757715;5e-10;0.8258197;0.5147788006751264
718;0.9646154;0.09064982110109085;5e-10;0.8258197;0.514569774514339
719;0.9620513;0.09192473787527818;5e-10;0.8258197;0.5148474561874984
720;0.9692308;0.08596425982239919;5e-10;0.8258197;0.5136619356812023
721;0.97333336;0.08794133114509094;5e-10;0.8258197;0.513139765770709
722;0.96410257;0.09282296335085845;5e-10;0.8258197;0.5141033041672628
723;0.9697436;0.09385584328419123;5e-10;0.8258197;0.5147615329163974
724;0.9707692;0.08559277060704354;5e-10;0.8258197;0.5148255722444566
725;0.97179484;0.08770943896892744;5e-10;0.8258197;0.5151428254779244
726;0.965641;0.08969280782418373;5e-10;0.8258197;0.5144737709741123
727;0.96666664;0.09847502097105369;5e-10;0.8258197;0.514566323307694
728;0.96615386;0.09023881248938731;5e-10;0.8258197;0.5146228631530874
729;0.96666664;0.09682003999367739;5e-10;0.8258197;0.5142153218144276
730;0.9728205;0.08664584507544836;5e-10;0.8258197;0.5141222877580611
731;0.96307695;0.10231601250477326;5e-10;0.8258197;0.5148307776353398
732;0.97128206;0.08954163143267999;5e-10;0.8278689;0.5154389993089145
733;0.96615386;0.09419672654989439;5e-10;0.8278689;0.5150696381193692
734;0.96666664;0.08964597196915211;5e-10;0.8258197;0.5153111952250121
735;0.96820515;0.09499129011844977;5e-10;0.8258197;0.5154957713895156
736;0.9676923;0.08928178953818786;5e-10;0.8258197;0.5142731050975987
737;0.9707692;0.08619568115625625;5e-10;0.8258197;0.5141950103103138
738;0.96666664;0.09115021251333065;5e-10;0.8258197;0.514519748140554
739;0.9728205;0.08981072732271292;5e-10;0.8258197;0.5149747699987693
740;0.9676923;0.08666766322576083;5e-10;0.8258197;0.5148283223636815
741;0.9692308;0.09126144041999792;5e-10;0.8258197;0.5152871042001442
742;0.96820515;0.09131590856955601;5e-10;0.8258197;0.5151732710541271
743;0.96666664;0.08994507517570105;5e-10;0.8258197;0.5148029171052526
744;0.9671795;0.08863533123181416;5e-10;0.8258197;0.5148533103895969
745;0.96820515;0.09313841447616235;5e-10;0.8258197;0.5148771774084842
746;0.9605128;0.09602039508330516;5e-10;0.8258197;0.5146700270840379
747;0.9692308;0.08890810423936599;5e-10;0.8258197;0.514595778262029
748;0.9671795;0.09203971657997523;5e-10;0.8258197;0.5153768990860611
749;0.9692308;0.09049075344434152;5e-10;0.8258197;0.5147980783806473
750;0.9676923;0.09131971748975606;5e-10;0.8258197;0.5149069047365032
751;0.9671795;0.0904027000680948;5e-10;0.8258197;0.5144591282625668
752;0.9707692;0.08412087675470573;5e-10;0.8258197;0.5147763050970484
753;0.97333336;0.09312945106854806;5e-10;0.8258197;0.515848353016572
754;0.96666664;0.09103228621375867;5e-10;0.8258197;0.5160202716217667
755;0.97128206;0.0895932049323351;5e-10;0.8258197;0.5154721633088394
756;0.9671795;0.08899829642130778;5e-10;0.8258197;0.515639958811588
757;0.9692308;0.08766804548410269;5e-10;0.8258197;0.5154035930201167
758;0.96871793;0.08965771810748638;5e-10;0.8258197;0.5158074781542918
759;0.9671795;0.09048690508573483;5e-10;0.8258197;0.5149468261687482
760;0.9671795;0.09217491125449156;5e-10;0.8258197;0.5156484409922459
761;0.9697436;0.09108347808703399;5e-10;0.8258197;0.5147579927913478
762;0.9697436;0.08788912208416523;5e-10;0.8258197;0.5149416703669751
763;0.9702564;0.0893765758169003;5e-10;0.8258197;0.5156421749318232
764;0.9676923;0.08954902873589442;5e-10;0.8258197;0.5147511653724264
765;0.96615386;0.09283767382303874;5e-10;0.8258197;0.5151302132938729
766;0.9697436;0.08524208215566782;5e-10;0.8258197;0.5143129754750455
767;0.96615386;0.0904314632446338;5e-10;0.8258197;0.5142400333138762
768;0.9676923;0.09014893828294215;5e-10;0.8258197;0.513260651074472
769;0.97128206;0.0851262341057643;5e-10;0.8258197;0.5141404950227894
770;0.9692308;0.08804142088462145;5e-10;0.8258197;0.5141078407158617
771;0.9702564;0.08782898607926491;5e-10;0.8258197;0.5146574553896169
772;0.9697436;0.08654666477288955;5e-10;0.8258197;0.5142864247814554
773;0.96666664;0.09211034521078452;5e-10;0.8258197;0.5149947473260222
774;0.9676923;0.09149849094641514;5e-10;0.8258197;0.5154004228286079
775;0.9692308;0.09276271329094202;5e-10;0.8258197;0.5159517333033632
776;0.96615386;0.09450841590380057;5e-10;0.8258197;0.5159829039065564
777;0.9671795;0.08938911066605494;5e-10;0.8258197;0.5159769246324164
778;0.9702564;0.08995637021003626;5e-10;0.8258197;0.5157193658781833
779;0.97128206;0.08860633639570994;5e-10;0.8258197;0.5145337239640658
780;0.9697436;0.08903960462181996;5e-10;0.8258197;0.5148709098823735
781;0.9707692;0.08738839083757156;5e-10;0.8258197;0.514675716396238
782;0.9671795;0.08822590332382764;5e-10;0.8258197;0.5137337128036334
783;0.9723077;0.08671477368244758;5e-10;0.8258197;0.5141638742118585
784;0.9692308;0.08947810597526722;5e-10;0.8258197;0.5142049024217441
785;0.9651282;0.09486184059045254;5e-10;0.8258197;0.514236212265296
786;0.9702564;0.08770059947019969;5e-10;0.8258197;0.5144060244325732
787;0.97333336;0.08853224345506766;5e-10;0.8258197;0.5147117024562398
788;0.97128206;0.08800343577678386;5e-10;0.8258197;0.5149086034688793
789;0.97179484;0.08736976764905147;5e-10;0.8258197;0.5151548885175439
790;0.9702564;0.08599477589130401;5e-10;0.8258197;0.5149963273376715
791;0.9692308;0.08560895892289969;5e-10;0.8258197;0.5141856067004751
792;0.96820515;0.09108422853243657;5e-10;0.8258197;0.515154239584188
793;0.9692308;0.08588406139459366;5e-10;0.8258197;0.514552214595138
794;0.9702564;0.0900283717803466;5e-10;0.8258197;0.5151901293973453
795;0.96666664;0.09227870654601317;5e-10;0.8258197;0.5145825401681369
796;0.9697436;0.0924042681661936;5e-10;0.8258197;0.5144806504249573
797;0.965641;0.09379083233001904;5e-10;0.8258197;0.5149462183967966
798;0.965641;0.09615998307863871;5e-10;0.8258197;0.5143076542948113
799;0.9676923;0.08634733784657259;5e-10;0.8258197;0.5148046143719407
800;0.9671795;0.08942066023365045;5e-10;0.8258197;0.5147111200895466
801;0.9692308;0.08955993147996756;5e-10;0.8258197;0.5148688774616992
802;0.9692308;0.09150908074317834;5e-10;0.8258197;0.5150480289928249
803;0.9646154;0.09022722355066201;5e-10;0.8258197;0.5152589981673193
804;0.97333336;0.08532464968852507;5e-10;0.8258197;0.5138658030477704
805;0.96820515;0.08898132115220413;5e-10;0.8258197;0.5142757198849662
806;0.9707692;0.08967249100024884;5e-10;0.8258197;0.5144799869568621
807;0.9651282;0.09553169930592562;5e-10;0.8258197;0.5144063732663139
808;0.9671795;0.09300752080021761;5e-10;0.8258197;0.5151620380214004
809;0.9707692;0.09080556414066217;5e-10;0.8258197;0.5151655923147671
810;0.97128206;0.08768167963394752;5e-10;0.8258197;0.515214022187913
811;0.9697436;0.08862291428523186;5e-10;0.8258197;0.5146616140349967
812;0.96871793;0.08966804026793211;5e-10;0.8258197;0.5152962325049228
813;0.96871793;0.08617615715051309;5e-10;0.8258197;0.5154315572781641
814;0.9702564;0.08635188026305957;5e-10;0.8258197;0.5152838187383824
815;0.9692308;0.09084724177152682;5e-10;0.8258197;0.5155976463536747
816;0.96307695;0.09506212084721297;5e-10;0.8258197;0.5153912467057588
817;0.96666664;0.09180674778345303;5e-10;0.8258197;0.5144531507594664
818;0.9702564;0.08570603635066595;5e-10;0.8258197;0.5140673806432818
819;0.9625641;0.09602815644863325;5e-10;0.8258197;0.5149210754965172
820;0.9692308;0.0891290533886506;5e-10;0.8258197;0.514903013579181
821;0.9584615;0.1063604458173116;5e-10;0.8258197;0.51503787177508
822;0.9692308;0.08840980943196859;5e-10;0.8258197;0.5147078858047235
823;0.9676923;0.08745248334530073;5e-10;0.8258197;0.5145024933287354
824;0.96410257;0.093248769228275;5e-10;0.8258197;0.5149332431496166
825;0.9671795;0.09036713876785377;5e-10;0.8258197;0.5147723501822987
826;0.9676923;0.0918841699606333;5e-10;0.8258197;0.5150216124096855
827;0.96615386;0.09029460677733789;5e-10;0.8258197;0.5154675553079511
828;0.9676923;0.08964015530088008;5e-10;0.8258197;0.5148842373832327
829;0.97179484;0.08929750171991495;5e-10;0.8258197;0.5145902640995432
830;0.96615386;0.09003353039041544;5e-10;0.8258197;0.5143694093481439
831;0.9697436;0.08685637226471535;5e-10;0.8258197;0.5140923310498722
832;0.96820515;0.09165383072808767;5e-10;0.8258197;0.5145565432603242
833;0.9676923;0.09139452219009399;5e-10;0.8258197;0.5149175905790485
834;0.9676923;0.09187890932346002;5e-10;0.8258197;0.5147018999349876
835;0.9697436;0.09248288431228735;5e-10;0.8258197;0.5142575350941204
836;0.9646154;0.09122948786387076;5e-10;0.8258197;0.5137878006598988
837;0.9702564;0.09013142776794923;5e-10;0.8258197;0.5140853235956098
838;0.9697436;0.09143649180730185;5e-10;0.8258197;0.5144343078136444
839;0.97179484;0.08610219026223206;5e-10;0.8258197;0.5144304554970538
840;0.96666664;0.09000066321629745;5e-10;0.8258197;0.5144265997605245
841;0.9692308;0.08802771446796565;5e-10;0.8258197;0.5141914618186286
842;0.965641;0.09525020316625253;5e-10;0.8258197;0.5144474389123135
843;0.9707692;0.08769240659016829;5e-10;0.8258197;0.5147865228965635
844;0.9651282;0.0917176024042643;5e-10;0.8258197;0.514429835022473
845;0.96615386;0.09970622778703005;5e-10;0.8258197;0.5147985483779282
846;0.96820515;0.09244564833549353;5e-10;0.8258197;0.5151452881390931
847;0.965641;0.09282492614709414;5e-10;0.8258197;0.5158446147793629
848;0.9692308;0.08731457395431323;5e-10;0.8258197;0.5154560368935592
849;0.96871793;0.086092221171428;5e-10;0.8258197;0.5147369596801821
850;0.9697436;0.09081019571958444;5e-10;0.8258197;0.5134367893953793
851;0.96410257;0.0975141261326961;5e-10;0.8258197;0.5143598606351947
852;0.96615386;0.09140778274872365;5e-10;0.8258197;0.515312029690039
853;0.96615386;0.09092395183367608;5e-10;0.8258197;0.5146265054335359
854;0.97179484;0.09004327548620028;5e-10;0.8258197;0.5150135687140168
855;0.9707692;0.08609662523636451;5e-10;0.8258197;0.5148481824358956
856;0.9635897;0.09241885669720479;5e-10;0.8258197;0.5151719526677835
857;0.9676923;0.0909628964540286;5e-10;0.8258197;0.5147813435521771
858;0.9707692;0.09091217306179879;5e-10;0.8258197;0.5154732934764175
859;0.96820515;0.09120166899302067;5e-10;0.8258197;0.515198576645773
860;0.965641;0.09307635566362968;5e-10;0.8258197;0.5149923257651876
861;0.97333336;0.08906517672997255;5e-10;0.8258197;0.5143358104053091
862;0.96615386;0.09568582469836259;5e-10;0.8258197;0.5146355286973422
863;0.9702564;0.08628266085416843;5e-10;0.8258197;0.5138613112637254
864;0.9697436;0.09575930266808241;5e-10;0.8258197;0.5139423970316277
865;0.97179484;0.08334222246439028;5e-10;0.8258197;0.5135029769334637
866;0.9676923;0.09202334212187009;5e-10;0.8258197;0.5140283891900641
867;0.9697436;0.08636285557960853;5e-10;0.8258197;0.5136288084456178
868;0.9697436;0.08643933635491591;5e-10;0.8258197;0.5138321552486693
869;0.97179484;0.08793374880002096;5e-10;0.8258197;0.513907970952206
870;0.9692308;0.08988286889134309;5e-10;0.8258197;0.5139745620430493
871;0.97128206;0.08967002919087043;5e-10;0.8258197;0.5137904437839008
872;0.9707692;0.09023369137293254;5e-10;0.8258197;0.5142472142078838
873;0.9671795;0.09294457809283183;5e-10;0.8258197;0.5139385754944849
874;0.96871793;0.09135316220613626;5e-10;0.8258197;0.5143448842353509
875;0.96307695;0.10225632138741322;5e-10;0.8258197;0.5147019252181053
876;0.9692308;0.08645923125438201;5e-10;0.8258197;0.5145505959870386
877;0.9702564;0.09080946900141545;5e-10;0.8258197;0.514240137866286
878;0.9697436;0.0874894807812495;5e-10;0.8258197;0.5139192635895776
879;0.9702564;0.09064571615977166;5e-10;0.8258197;0.5151663481212053
880;0.9697436;0.08955325570626137;5e-10;0.8258197;0.5157240228574784
881;0.96666664;0.08974100498052744;5e-10;0.8258197;0.5149525550545239
882;0.9692308;0.09039337153618153;5e-10;0.8258197;0.5146092684542547
883;0.97384614;0.08519305906234644;5e-10;0.8258197;0.5143979514231447
884;0.9723077;0.08775852835331208;5e-10;0.8258197;0.5143476089493173
885;0.96615386;0.09567856160111916;5e-10;0.8258197;0.5147222778836235
886;0.9676923;0.09362090681225825;5e-10;0.8258197;0.5145497839958941
887;0.96820515;0.08802442778379489;5e-10;0.8258197;0.514497591823828
888;0.97333336;0.08545015409970895;5e-10;0.8258197;0.5146276647927331
889;0.96666664;0.09201569923987755;5e-10;0.8258197;0.5145751570091873
890;0.96615386;0.09129726870701864;5e-10;0.8258197;0.5147997619675808
891;0.9697436;0.08841085763313832;5e-10;0.8258197;0.5143323875352984
892;0.9594872;0.1036448773665306;5e-10;0.8258197;0.5149764291575698
893;0.96615386;0.09470668675807806;5e-10;0.8258197;0.5145808422907454
894;0.9671795;0.08937748494820717;5e-10;0.8258197;0.5153343570036967
895;0.96871793;0.08608165279412881;5e-10;0.8258197;0.5145951480161949
896;0.97384614;0.08160063025278923;5e-10;0.8258197;0.5140567187403069
897;0.9676923;0.0957104743596835;5e-10;0.8258197;0.5152144054042511
898;0.96871793;0.09365985164848657;5e-10;0.8258197;0.5145684299898929
899;0.9671795;0.09170639227598142;5e-10;0.8258197;0.5140835844346734
900;0.96666664;0.09017223816651565;5e-10;0.8258197;0.515318080538609
901;0.96871793;0.09027862144204286;5e-10;0.8258197;0.5141895335228717
902;0.96820515;0.094809814118422;5e-10;0.8258197;0.5157287570296741
903;0.97179484;0.0855163137270854;5e-10;0.8258197;0.5148107419248487
904;0.96410257;0.09647243096278264;5e-10;0.8258197;0.5143239294468868
905;0.9625641;0.09629272910646904;5e-10;0.8258197;0.5146810177896843
906;0.9676923;0.09386239384993529;5e-10;0.8258197;0.5146337249239937
907;0.9692308;0.0865459345242916;5e-10;0.8258197;0.5142004555854641
908;0.96615386;0.09032849721801586;5e-10;0.8258197;0.5139614695408306
909;0.96615386;0.09552931904792786;5e-10;0.8258197;0.5148009364722205
910;0.9692308;0.08826349661136285;5e-10;0.8258197;0.5145040349882157
911;0.96410257;0.09556843717892964;5e-10;0.8258197;0.5139361895987244
912;0.9697436;0.08729278549934044;5e-10;0.8258197;0.5142082757637149
913;0.974359;0.08526408312412409;5e-10;0.8258197;0.5143660306930542
914;0.97128206;0.08559232650659024;5e-10;0.8258197;0.5141490424265627
915;0.97128206;0.08300610177027873;5e-10;0.8258197;0.5133758519516617
916;0.96820515;0.08964390269456765;5e-10;0.8258197;0.5137203224614019
917;0.9676923;0.0880667459506255;5e-10;0.8258197;0.513966332693569
918;0.9625641;0.0973549041381249;5e-10;0.8258197;0.5143353831572611
919;0.97333336;0.08616881384299352;5e-10;0.8258197;0.51442845068017
920;0.974359;0.08698645144701005;5e-10;0.8258197;0.5156079315748371
921;0.96820515;0.0864017680975107;5e-10;0.8258197;0.5154623037478963
922;0.9692308;0.0854956834209271;5e-10;0.8258197;0.5151196679130929
923;0.96615386;0.0916772576325979;5e-10;0.8258197;0.5151569501909076
924;0.9723077;0.08826876478317457;5e-10;0.8258197;0.5153314832781182
925;0.9646154;0.09416173080603282;5e-10;0.8258197;0.5140562712169084
926;0.9702564;0.09259840463216489;5e-10;0.8258197;0.514086877713438
927;0.96820515;0.08779644159170298;5e-10;0.8258197;0.5137269760741562
928;0.9692308;0.09153307764958113;5e-10;0.8258197;0.513452696262813
929;0.97128206;0.08789028963981531;5e-10;0.8258197;0.5140728491251586
930;0.97128206;0.0866882507999738;5e-10;0.8258197;0.5130497002210773
931;0.9702564;0.09280766944090525;5e-10;0.8258197;0.5143783185325685
932;0.9635897;0.08970491834175892;5e-10;0.8258197;0.5149989792558013
933;0.96820515;0.09026918249061475;5e-10;0.8258197;0.5146560307408943
934;0.9697436;0.09115476762637113;5e-10;0.8258197;0.5138830080872676
935;0.9697436;0.0855004038489782;5e-10;0.8258197;0.5136478744813653
936;0.9723077;0.08616808146238326;5e-10;0.8258197;0.5144893932537954
937;0.9646154;0.09800656559757698;5e-10;0.8258197;0.5137330870159337
938;0.97179484;0.08585404883592557;5e-10;0.8258197;0.5143821762233484
939;0.96666664;0.08726835787296296;5e-10;0.8258197;0.5145064553276437
940;0.96871793;0.08578111545397685;5e-10;0.8258197;0.5149492113316645
941;0.97128206;0.088022590363637;5e-10;0.8258197;0.5153869446672377
942;0.96615386;0.09240438031844604;5e-10;0.8258197;0.5148689483032852
943;0.9707692;0.08745645278539413;5e-10;0.8258197;0.5149895580577069
944;0.96410257;0.0920499397852482;5e-10;0.8258197;0.515310920652796
945;0.9702564;0.09241002154655946;5e-10;0.8258197;0.5152401071591456
946;0.96666664;0.08800319871841333;5e-10;0.8258197;0.5148410452682464
947;0.9702564;0.08660292891355661;5e-10;0.8258197;0.5144719891860837
948;0.9702564;0.08664082199335098;5e-10;0.8258197;0.5143614020503935
949;0.9707692;0.08739828162468397;5e-10;0.8258197;0.5140788604001529
950;0.96871793;0.08960809829143378;5e-10;0.8258197;0.5142568247240098
951;0.9702564;0.0861984194165621;5e-10;0.8258197;0.5146523983691071
952;0.9728205;0.08467469747249896;5e-10;0.8258197;0.5154094881698733
953;0.9697436;0.09267044233970154;5e-10;0.8258197;0.5150724122697701
954;0.9676923;0.09121096709981943;5e-10;0.8258197;0.5145334313150312
955;0.9697436;0.08672490016008035;5e-10;0.8258197;0.5158149321548274
956;0.9697436;0.09109150489553428;5e-10;0.8258197;0.51540628319881
957;0.9723077;0.08658378183077543;5e-10;0.8258197;0.5149013502675979
958;0.9671795;0.09119424100869741;5e-10;0.8258197;0.5158790523400072
959;0.96666664;0.09429970404658562;5e-10;0.8258197;0.5158036274255299
960;0.9651282;0.09233369720287812;5e-10;0.8258197;0.5150097696507563
961;0.96615386;0.08701433369746575;5e-10;0.8258197;0.5146852267570183
962;0.9707692;0.09066004286018702;5e-10;0.8258197;0.5138322947943796
963;0.9697436;0.09091593008774977;5e-10;0.8258197;0.5139671627615319
964;0.96666664;0.0893178463440675;5e-10;0.8258197;0.5150581218119039
965;0.9692308;0.09115715233179239;5e-10;0.8258197;0.5145413758324795
966;0.97333336;0.08390970221696756;5e-10;0.8258197;0.5142352400255985
967;0.96871793;0.08706171522537867;5e-10;0.8258197;0.5140835147534237
968;0.9702564;0.08650204119774012;5e-10;0.8258197;0.5143739226900164
969;0.9692308;0.08784959349876795;5e-10;0.8258197;0.5137061642818763
970;0.9697436;0.08686118630262521;5e-10;0.8258197;0.5146722617696543
971;0.96820515;0.08938843503785439;5e-10;0.8258197;0.5154516315851055
972;0.96820515;0.08851915813409365;5e-10;0.8258197;0.5148857607216132
973;0.97179484;0.08593470565783672;5e-10;0.8258197;0.5152294000641244
974;0.97333336;0.08492001888079521;5e-10;0.8258197;0.514448633936585
975;0.9625641;0.10386060737646544;5e-10;0.8258197;0.5152842739566428
976;0.97179484;0.08417384654283523;5e-10;0.8258197;0.5156056353303252
977;0.9692308;0.09439700462879279;5e-10;0.8258197;0.5142173708462324
978;0.97128206;0.08746620899591691;5e-10;0.8258197;0.5144864365947052
979;0.965641;0.09174858514315043;5e-10;0.8258197;0.5145653390982112
980;0.9697436;0.08950500662510212;5e-10;0.8258197;0.5152563394093123
981;0.96871793;0.09196616245003847;5e-10;0.8258197;0.5149143216062765
982;0.9697436;0.08735907188592813;5e-10;0.8258197;0.5153237473769267
983;0.9676923;0.08624894483731343;5e-10;0.8258197;0.5147551044088895
984;0.9702564;0.08954008916249642;5e-10;0.8258197;0.5148718708851299
985;0.9692308;0.08696747441322375;5e-10;0.8258197;0.5146102494880801
986;0.9702564;0.0903309749563535;5e-10;0.8258197;0.5149667536626097
987;0.9692308;0.09394031081444178;5e-10;0.8258197;0.5143933266889854
988;0.9651282;0.10213920582563449;5e-10;0.8258197;0.5142822539220091
989;0.96820515;0.08629999684981811;5e-10;0.8258197;0.5133350217928652
990;0.96871793;0.08821538838056417;5e-10;0.8258197;0.514157986787499
991;0.965641;0.09329831874905488;5e-10;0.8258197;0.5155166714894966
992;0.9671795;0.09358497458772781;5e-10;0.8258197;0.5149972008877113
993;0.96666664;0.08808470718371562;5e-10;0.8258197;0.5149267589459654
994;0.965641;0.0938088564001597;5e-10;0.8258197;0.5148582001690005
995;0.96871793;0.08857250669063665;5e-10;0.8258197;0.514914809680376
996;0.9692308;0.08555969981810986;5e-10;0.8258197;0.5141766452398456
997;0.9697436;0.08672452902182555;5e-10;0.8258197;0.5149379558250552
998;0.9651282;0.09098172974892152;5e-10;0.8258197;0.514888020812488
999;0.9723077;0.08626888669454134;5e-10;0.8258197;0.5147621963844925
